{"train/loss": 3.668062498728434, "train/accuracy": 0.0, "learning_rate": 9.971663745846744e-06, "iteration": 960, "_timestamp": 1731004638.2865407, "_runtime": 252.77856469154358, "_step": 39, "_wandb": {"runtime": 357}}