{"train/loss": 1.3035171410242716, "train/accuracy": 16.66666667262713, "learning_rate": 1.2177787942508608e-06, "iteration": 21120, "_timestamp": 1731154338.74868, "_runtime": 17825.75031208992, "_step": 879, "_wandb": {"runtime": 17839}}