{"train/loss": 0.2999889719486237, "train/accuracy": 57.616666666666674, "learning_rate": 2.8461794397310127e-06, "iteration": 144572, "_timestamp": 1731519588.1898928, "_runtime": 53023.699962854385, "_step": 1537}