{"train/loss": 2.6704903189341227, "train/accuracy": 0.0, "learning_rate": 2.56e-06, "iteration": 33, "_timestamp": 1731488479.9932485, "_runtime": 11.523193359375, "_step": 10, "_wandb": {"runtime": 11}}