{"train/loss": 7.908876225789388, "train/accuracy": 0.0, "learning_rate": 1.84e-06, "iteration": 24, "_timestamp": 1731489687.9506133, "_runtime": 19.862666368484497, "_step": 0, "_wandb": {"runtime": 28}}