{"train/loss": 3.667095535914103, "train/accuracy": 0.0, "learning_rate": 7.467605629350605e-06, "iteration": 8424, "_timestamp": 1730973908.640336, "_runtime": 3101.4815621376038, "_step": 350, "_wandb": {"runtime": 3103}}