{"train/loss": 4.283298081970215, "train/accuracy": 0.0, "learning_rate": 9.999350184315289e-06, "iteration": 27200, "_timestamp": 1730906545.074491, "_runtime": 28349.39802312851, "_step": 679, "_wandb": {"runtime": 28379}}