{"train/loss": 3.6742940820058188, "train/accuracy": 0.0, "learning_rate": 9.138082150969458e-06, "iteration": 4800, "_timestamp": 1730999539.0024812, "_runtime": 2545.952210187912, "_step": 199, "_wandb": {"runtime": 2570}}