{"train/loss": 5.43829821395874, "train/accuracy": 0.0, "learning_rate": 3.7600000000000004e-06, "iteration": 48, "_timestamp": 1730974778.9265177, "_runtime": 14.182188749313354, "_step": 1, "_wandb": {"runtime": 15}}