{"train/loss": 3.4153453172047934, "train/accuracy": 0.0, "learning_rate": 9.436073715917331e-06, "iteration": 7656, "_timestamp": 1731569849.8295171, "_runtime": 2485.2465410232544, "_step": 318}