{"train/loss": 1.6582508192062377, "train/accuracy": 0.0, "learning_rate": 7.397858353501999e-06, "iteration": 84788, "_timestamp": 1731519560.4801764, "_runtime": 29917.169722557068, "_step": 901}