{"train/loss": 3.41829808362325, "train/accuracy": 0.0, "learning_rate": 9.93168614117265e-06, "iteration": 6627, "_timestamp": 1731569848.4272738, "_runtime": 2182.845478773117, "_step": 140}