{"train/loss": 3.871733051554362, "train/accuracy": 0.0, "learning_rate": 9.965842806362578e-06, "iteration": 4720, "_timestamp": 1731005025.602477, "_runtime": 1269.3386890888214, "_step": 39, "_wandb": {"runtime": 2129}}