{"train/loss": 1.9571554381052654, "train/accuracy": 0.0, "learning_rate": 9.999841412417097e-06, "iteration": 752, "_timestamp": 1731489554.0151258, "_runtime": 257.85347986221313, "_step": 7, "_wandb": {"runtime": 287}}