{"train/loss": 5.4644582633972165, "train/accuracy": 0.0, "learning_rate": 3.7600000000000004e-06, "iteration": 48, "_timestamp": 1730996944.377255, "_runtime": 34.617161989212036, "_step": 1, "_wandb": {"runtime": 40}}