{"train/loss": 4.403900842030843, "train/accuracy": 0.0, "learning_rate": 9.015848321466482e-06, "iteration": 50386, "_timestamp": 1730996646.5197287, "_runtime": 21778.972802639008, "_step": 426, "_wandb": {"runtime": 21801}}