{"train/loss": 1.5922622369130452, "train/accuracy": 0.0, "learning_rate": 9.937150158004972e-06, "iteration": 2616, "_timestamp": 1731489633.688807, "_runtime": 876.99915599823, "_step": 108, "_wandb": {"runtime": 877}}