{"train/loss": 4.3914270673116045, "train/accuracy": 0.0, "learning_rate": 9.991461773704184e-06, "iteration": 4720, "_timestamp": 1731004719.5570922, "_runtime": 1270.7304112911224, "_step": 39, "_wandb": {"runtime": 1294}}