{"train/loss": 4.396165108235677, "train/accuracy": 0.0, "learning_rate": 9.991461773704184e-06, "iteration": 4720, "_timestamp": 1731002399.805329, "_runtime": 1275.6067740917206, "_step": 39, "_wandb": {"runtime": 1275}}