{"train/loss": 4.527615238698323, "train/accuracy": 0.0, "learning_rate": 9.991038497700502e-06, "iteration": 2478, "_timestamp": 1730972623.6888604, "_runtime": 666.9394013881683, "_step": 20, "_wandb": {"runtime": 697}}