{"train/loss": 4.5208981974283855, "train/accuracy": 0.0, "learning_rate": 9.989150634531094e-06, "iteration": 2714, "_timestamp": 1730973467.1968286, "_runtime": 731.069085597992, "_step": 22, "_wandb": {"runtime": 752}}