{"train/loss": 4.474581700134277, "train/accuracy": 0.0, "learning_rate": 9.999550430277623e-06, "iteration": 1180, "_timestamp": 1730997048.2161093, "_runtime": 343.17665433883667, "_step": 9, "_wandb": {"runtime": 346}}