{"train/loss": 4.398910937245687, "train/accuracy": 0.0, "learning_rate": 9.991461773704184e-06, "iteration": 4720, "_timestamp": 1730998369.2519462, "_runtime": 1272.5850682258606, "_step": 39, "_wandb": {"runtime": 2466}}