{"train/loss": 3.3030276775360106, "train/accuracy": 0.0, "learning_rate": 9.584754308039734e-06, "iteration": 8184, "_timestamp": 1731569848.1166413, "_runtime": 1695.1283311843872, "_step": 340}