{"train/loss": 3.5501284344991046, "train/accuracy": 0.0, "learning_rate": 9.985342058719274e-06, "iteration": 183, "_timestamp": 1730966249.6902876, "_runtime": 214.04414463043213, "_step": 60, "_wandb": {"runtime": 215}}