{"train/loss": 6.524074693044026, "train/accuracy": 0.0, "learning_rate": 7.440000000000001e-06, "iteration": 94, "_timestamp": 1731466476.3549118, "_runtime": 33.39543581008911, "_step": 0, "_wandb": {"runtime": 37}}