{"train/loss": NaN, "train/accuracy": 0.0, "learning_rate": 0.0004999999549849707, "iteration": 4690, "_timestamp": 1730402358.2310996, "_runtime": 4148.9563636779785, "_step": 9, "_wandb": {"runtime": 4416}}